,BIRCH,Agglomerative
MI,1.2143949795045788,1.2102762232952193
NMI,0.575987323824226,0.5746861130722585
AMI,0.5414989458557434,0.5400291300689153
random score,0.859654594362793,0.8594206853533976
ARI,0.3797719562645721,0.38177054034872077
FMI,0.46555257521875015,0.46803242446613486
purity,0.6211453744493391,0.6211453744493391
