,BIRCH,Agglomerative
MI,0.6538429313015602,0.6902380435682721
NMI,0.3339955200855174,0.3320513887177024
AMI,0.28550427291238534,0.27818873722331083
random score,0.7477681182020194,0.8035554169428093
ARI,0.12681502700880168,0.1552177364749087
FMI,0.273440068972656,0.26881782218314754
purity,0.4185022026431719,0.3788546255506608
