,BIRCH,Agglomerative
MI,0.964861002616837,0.964861002616837
NMI,0.46549117076711055,0.46549117076711055
AMI,0.4211373215589931,0.4211373215589931
random score,0.8201629566098788,0.8201629566098788
ARI,0.25942934520171734,0.25942934520171734
FMI,0.3681694586742421,0.3681694586742421
purity,0.5462555066079295,0.5462555066079295
