,BIRCH,Agglomerative
MI,1.0074671562207071,1.0074671562207071
NMI,0.46508064795156456,0.46508064795156456
AMI,0.4160998002533143,0.4160998002533143
random score,0.842813145686328,0.842813145686328
ARI,0.2593284590036616,0.2593284590036616
FMI,0.3499485594439411,0.3499485594439411
purity,0.5286343612334802,0.5286343612334802
