,BIRCH,Agglomerative
MI,1.126879201092034,1.1343325006524325
NMI,0.5186741535437198,0.5135511799386084
AMI,0.47450626236027776,0.47008389724331573
random score,0.8515457487037542,0.8713110599976609
ARI,0.297004658139926,0.3420978382679378
FMI,0.38285870348916484,0.4146697387628689
purity,0.5506607929515419,0.5903083700440528
