,BIRCH,Agglomerative
MI,0.7267447224952542,0.7267447224952542
NMI,0.34719414065919624,0.34719414065919624
AMI,0.2938613764251758,0.2938613764251758
random score,0.8063233402206542,0.8063233402206542
ARI,0.16346088289716365,0.16346088289716365
FMI,0.2756098303915925,0.2756098303915925
purity,0.42731277533039647,0.42731277533039647
